{"t":[0,0.318,0.632,0.946,1.261,1.579,1.893,2.207,2.521,2.839,3.153,3.467,3.781,4.099,4.413,4.727,5.041,5.359,5.673,5.987,6.301,6.619,6.933,7.247,7.561,7.879,8.193,8.507,8.821,9.139,9.453,9.767,10.081,10.399,10.713,11.027,11.341,11.659,11.973,12.287,12.601,12.919,13.233,13.547,13.861,14.179,14.493,14.807,15.121,15.439,15.753,16.067,16.381,16.699,17.013,17.327,17.641,17.959,18.274,18.588,18.902,19.22,19.534,19.848,20.162,20.48,20.794,21.108,21.422,21.74,22.054,22.368,23.028,23.011,23.325,23.639,23.953,24.271,24.585,24.899,25.213,25.542,25.856,26.17,26.484,26.802,27.116,27.43,27.745,28.063,28.377,28.691,29.005,29.323,29.637,29.951,30.265,30.583,30.897,31.211,31.525,31.843,32.156,32.47,32.784,33.102,33.416,33.73,34.044,34.362,34.676,34.99,35.304,35.622,35.936,36.25,36.568,36.88,37.194,37.508,37.826],"videoTime":["00:00","00:00","00:00","00:00","00:01","00:01","00:01","00:02","00:02","00:02","00:03","00:03","00:03","00:04","00:04","00:04","00:05","00:05","00:05","00:05","00:06","00:06","00:06","00:07","00:07","00:07","00:08","00:08","00:08","00:09","00:09","00:09","00:10","00:10","00:10","00:11","00:11","00:11","00:11","00:12","00:12","00:12","00:13","00:13","00:13","00:14","00:14","00:14","00:15","00:15","00:15","00:16","00:16","00:16","00:17","00:17","00:17","00:17","00:18","00:18","00:18","00:19","00:19","00:19","00:20","00:20","00:20","00:21","00:21","00:21","00:22","00:22","00:23","00:23","00:23","00:23","00:23","00:24","00:24","00:24","00:25","00:25","00:25","00:26","00:26","00:26","00:27","00:27","00:27","00:28","00:28","00:28","00:29","00:29","00:29","00:29","00:30","00:30","00:30","00:31","00:31","00:31","00:32","00:32","00:32","00:33","00:33","00:33","00:34","00:34","00:34","00:34","00:35","00:35","00:35","00:36","00:36","00:36","00:37","00:37","00:37"],"kPa":[98.66439,98.66073,98.66443,98.6447,98.64223,98.65247000000001,98.6666,98.67048,98.65427000000001,98.66841000000001,98.67412,98.657,98.64984,98.59483999999999,98.64837,98.65614,98.67413,98.67055,98.66398,98.65897,98.65023,98.65706,98.65177,98.6466,98.65243,98.6643,98.65706,98.66986999999999,98.66680000000001,98.6598,98.66098,98.66215,98.64173,98.65308999999999,98.66384,98.66911,98.66318,98.66414,98.66075,98.65755,98.65566,98.65272,98.65153,98.653,98.66375,98.66322,98.66295,98.65627,98.64407000000001,98.65674,98.65492,98.6472,98.65563,98.66489,98.65582,98.6565,98.66381,98.66354,98.66236,98.64811999999999,98.64911000000001,98.66066000000001,98.65438,98.66388,98.66571,98.66299000000001,98.65180000000001,98.65538000000001,98.66318,98.66439,98.65519,98.65450999999999,98.66402000000001,98.66886,98.65999000000001,98.66273,98.64828999999999,98.65407,98.63416000000001,98.65292,98.65466,98.66354,98.66424,98.66521,98.66466,98.65716,98.64842999999999,98.65019000000001,98.65361,98.66393,98.65872999999999,98.65908999999999,98.66417999999999,98.65571000000001,98.64655,98.65884,98.65198,98.65489,98.66622,98.66352,98.66555,98.653,98.63402,98.98228999999999,99.74785,99.71256,99.77743,100.57253999999999,100.57752,101.81730999999999,105.38875,107.3177,102.51459,101.94237,98.65989,98.64998,98.63813,98.64563000000001,98.65598,98.9434,99.44384]}