{"t":[0,0.318,0.631,0.945,1.259,1.577,1.891,2.204,2.518,2.836,3.149,3.463,3.777,4.094,4.407,4.721,5.035,5.353,5.666,5.98,6.294,6.623,6.936,7.25,7.564,7.882,8.195,8.509,8.823,9.141,9.454,9.767,10.08,10.393,10.707,11.021,11.335,11.653,11.966,12.28,12.593,12.906,13.223,13.536,13.85,14.163,14.48,14.793,15.106,15.42,15.738,16.052,16.366,16.68,16.998,17.311,17.624,17.938,18.256,18.569,18.883,19.196,19.532,19.845,20.158,20.472,20.789,21.102,21.416,21.73,22.048,22.362,22.676,22.99,23.308,23.622,23.936,24.25,24.568,24.882,25.196,25.51,25.828,26.142,26.456,26.77,27.088,27.401,27.715,28.029,28.347,28.66,28.974,29.288,29.605,29.919,30.233,30.547,30.865,31.179,31.493,31.807,32.125,32.44,32.754,33.068,33.386,33.7,34.014,34.328,34.646,34.96,35.274,35.588,35.906,36.22,36.534,36.848,37.177,37.491,37.805,38.119,38.437,38.751,39.065,39.379,39.697,40.011,40.325,40.639,40.957,41.271,41.585,41.899,42.217,42.531,42.845,43.159,43.477,43.791,44.105,44.419,44.737,45.051,45.365,45.679,45.997,46.311,46.625,46.939,47.257],"videoTime":["00:00","00:00","00:00","00:00","00:01","00:01","00:01","00:02","00:02","00:02","00:03","00:03","00:03","00:04","00:04","00:04","00:05","00:05","00:05","00:05","00:06","00:06","00:06","00:07","00:07","00:07","00:08","00:08","00:08","00:09","00:09","00:09","00:10","00:10","00:10","00:11","00:11","00:11","00:11","00:12","00:12","00:12","00:13","00:13","00:13","00:14","00:14","00:14","00:15","00:15","00:15","00:16","00:16","00:16","00:16","00:17","00:17","00:17","00:18","00:18","00:18","00:19","00:19","00:19","00:20","00:20","00:20","00:21","00:21","00:21","00:22","00:22","00:22","00:22","00:23","00:23","00:23","00:24","00:24","00:24","00:25","00:25","00:25","00:26","00:26","00:26","00:27","00:27","00:27","00:28","00:28","00:28","00:28","00:29","00:29","00:29","00:30","00:30","00:30","00:31","00:31","00:31","00:32","00:32","00:32","00:33","00:33","00:33","00:34","00:34","00:34","00:34","00:35","00:35","00:35","00:36","00:36","00:36","00:37","00:37","00:37","00:38","00:38","00:38","00:39","00:39","00:39","00:40","00:40","00:40","00:40","00:41","00:41","00:41","00:42","00:42","00:42","00:43","00:43","00:43","00:44","00:44","00:44","00:45","00:45","00:45","00:45","00:46","00:46","00:46","00:47"],"kPa":[98.66206,98.67336,98.67813000000001,98.71243,98.67869999999999,98.67880000000001,98.67665,98.67028,98.66055,98.66719,98.65588000000001,98.67019,98.67166,98.66494999999999,98.6692,98.66502,98.66909,98.66584,98.65916,98.66466,98.68097999999999,98.66766,98.65816000000001,98.67273,98.65989,98.66356,98.65728999999999,98.64827000000001,98.60197,98.65966,98.66936,98.67846,98.67402,98.67658999999999,98.66938,98.66002,98.63756,98.64608,98.66098,98.68391,98.67484,98.66884,98.67877,98.66100999999999,98.66117,98.65849,98.65624000000001,98.64957000000001,98.66604,98.66861999999999,98.67228999999999,98.66203,98.66703,98.66714999999999,98.66722,98.66177,98.66363,98.65519,98.68387,98.66584,98.67413,98.66225999999999,98.67072999999999,98.66414,98.66783,98.65341000000001,98.63539,98.65249,98.6712,98.6636,98.6828,98.67051,98.66936,98.65908,98.67248,98.65147,98.65642,98.6617,98.67407,98.66680000000001,98.6712,98.65119,98.6588,98.65778999999999,98.64438,98.65131,98.65944,98.67108,98.67094,98.66059,98.66414,98.66571,98.64724000000001,98.65861,98.64913,98.66455,98.66671000000001,98.6597,98.66189999999999,98.66558,98.65119,98.65359,98.65989,98.65966,98.6662,98.65999000000001,98.66028,98.64386,98.63719,98.66161,98.66758999999999,98.64027,99.23052,99.80256,99.88259,99.5322,99.73198,99.72167999999999,99.73728999999999,99.93722,101.19539,102.4162,102.72649,101.41884,101.65097999999999,100.60604,98.67621000000001,100.44498,98.80302,98.69266999999999,98.69283999999999,98.65534,98.64845,98.65694,98.66386,98.81269999999999,99.42629,98.65728999999999,98.6653,98.66445,98.64205,98.64102,98.66875,98.66559,98.67678,98.66416000000001,98.66445,98.66297999999999,98.65180000000001,98.63477999999999,98.66002]}